{"session_id": "dnv4ir7bijie2utta2f0ohcend0hd828", "point_clouds": {"0": [[2.1000000014901157, 2.2000000029802322, 2.3000000119209285], [2.400000005960464, 2.5, 2.6000000238418575], [2.6999999880790706, 2.800000011920929, 2.8999999761581416], [3.0, 3.100000023841858, 3.2000000476837154], [3.299999952316284, 3.399999976158142, 3.4999999999999996], [3.600000023841858, 3.700000047683716, 3.7999999523162837]], "0": [[2.1000000014901157, 2.2000000029802322, 2.3000000119209285], [2.400000005960464, 2.5, 2.6000000238418575], [2.6999999880790706, 2.800000011920929, 2.8999999761581416], [3.0, 3.100000023841858, 3.2000000476837154], [3.299999952316284, 3.399999976158142, 3.4999999999999996], [3.600000023841858, 3.700000047683716, 3.7999999523162837]]}, "point_cloud_points": {"0": [[2.1000000014901157, 2.2000000029802322, 2.3000000119209285], [2.400000005960464, 2.5, 2.6000000238418575], [2.6999999880790706, 2.800000011920929, 2.8999999761581416], [3.0, 3.100000023841858, 3.2000000476837154], [3.299999952316284, 3.399999976158142, 3.4999999999999996], [3.600000023841858, 3.700000047683716, 3.7999999523162837]], "0": [[2.1000000014901157, 2.2000000029802322, 2.3000000119209285], [2.400000005960464, 2.5, 2.6000000238418575], [2.6999999880790706, 2.800000011920929, 2.8999999761581416], [3.0, 3.100000023841858, 3.2000000476837154], [3.299999952316284, 3.399999976158142, 3.4999999999999996], [3.600000023841858, 3.700000047683716, 3.7999999523162837]]}, "point_cloud_count": 1, "ambient_light": {"color": "0xffffff", "intensity": 0.5}, "directional_light": {"color": "0xffffff", "intensity": 1}}