{"session_id": "vurleovs1qv1gkt17zylrfx0pvdxyu7r", "point_clouds": {"0": [[-4.024999975537261, -2.424999976530671, -1.3874999834224584], [-2.0749999390294147, -1.0749999564141035, -0.4124999651685357], [-0.12500008506079496, 0.27499996311962616, 0.5624999618157744], [1.8250001414368553, 1.6250001061707735, 1.5375000750645995], [3.774999831492703, 2.9749998915940523, 2.512499920092523], [5.724999998385707, 4.3250000346452, 3.487500003539026]], "0": [[-4.024999975537261, -2.424999976530671, -1.3874999834224584], [-2.0749999390294147, -1.0749999564141035, -0.4124999651685357], [-0.12500008506079496, 0.27499996311962616, 0.5624999618157744], [1.8250001414368553, 1.6250001061707735, 1.5375000750645995], [3.774999831492703, 2.9749998915940523, 2.512499920092523], [5.724999998385707, 4.3250000346452, 3.487500003539026]]}, "point_cloud_points": {"0": [[-4.024999975537261, -2.424999976530671, -1.3874999834224584], [-2.0749999390294147, -1.0749999564141035, -0.4124999651685357], [-0.12500008506079496, 0.27499996311962616, 0.5624999618157744], [1.8250001414368553, 1.6250001061707735, 1.5375000750645995], [3.774999831492703, 2.9749998915940523, 2.512499920092523], [5.724999998385707, 4.3250000346452, 3.487500003539026]], "0": [[-4.024999975537261, -2.424999976530671, -1.3874999834224584], [-2.0749999390294147, -1.0749999564141035, -0.4124999651685357], [-0.12500008506079496, 0.27499996311962616, 0.5624999618157744], [1.8250001414368553, 1.6250001061707735, 1.5375000750645995], [3.774999831492703, 2.9749998915940523, 2.512499920092523], [5.724999998385707, 4.3250000346452, 3.487500003539026]]}, "point_cloud_count": 1, "ambient_light": {"color": "0xffffff", "intensity": 0.5}, "directional_light": {"color": "0xffffff", "intensity": 1}}