{"session_id": "zzl0pv5ij0nq3q2h59extugxdse5n6kf", "point_clouds": {"0": [[-0.2750000090648731, 0.9500000104308128, 1.0500000019868214], [0.17499999019006884, 0.9500000104308128, 1.0500000019868214], [0.6249999931703012, 0.9500000104308128, 1.0500000019868214], [1.0750000110516946, 0.9500000104308128, 1.0500000019868214], [1.5249999395261207, 0.9500000104308128, 1.0500000019868214], [1.9750000468144813, 0.9500000104308128, 1.0500000019868214]], "0": [[-0.2750000090648731, 0.9500000104308128, 1.0500000019868214], [0.17499999019006884, 0.9500000104308128, 1.0500000019868214], [0.6249999931703012, 0.9500000104308128, 1.0500000019868214], [1.0750000110516946, 0.9500000104308128, 1.0500000019868214], [1.5249999395261207, 0.9500000104308128, 1.0500000019868214], [1.9750000468144813, 0.9500000104308128, 1.0500000019868214]]}, "point_cloud_points": {"0": [[-0.2750000090648731, 0.9500000104308128, 1.0500000019868214], [0.17499999019006884, 0.9500000104308128, 1.0500000019868214], [0.6249999931703012, 0.9500000104308128, 1.0500000019868214], [1.0750000110516946, 0.9500000104308128, 1.0500000019868214], [1.5249999395261207, 0.9500000104308128, 1.0500000019868214], [1.9750000468144813, 0.9500000104308128, 1.0500000019868214]], "0": [[-0.2750000090648731, 0.9500000104308128, 1.0500000019868214], [0.17499999019006884, 0.9500000104308128, 1.0500000019868214], [0.6249999931703012, 0.9500000104308128, 1.0500000019868214], [1.0750000110516946, 0.9500000104308128, 1.0500000019868214], [1.5249999395261207, 0.9500000104308128, 1.0500000019868214], [1.9750000468144813, 0.9500000104308128, 1.0500000019868214]]}, "point_cloud_count": 1, "ambient_light": {"color": "0xffffff", "intensity": 0.5}, "directional_light": {"color": "0xffffff", "intensity": 1}}